序号,链接,节点数
0,https://fxiwfZ.absslk.xyz/96a0015ff1d6a78a80f194e136014ce4,0
1,https://gist.githubusercontent.com/peasoft/40b87245630092f30cc98af61190b4e2/raw/,10
2,https://pai.yt/clash,124
3,https://raw.githubusercontent.com/Huibq/TrojanLinks/master/links/vmess,0
4,https://raw.githubusercontent.com/Surfboardv2ray/TGParse/main/python/hy2,1
5,https://raw.githubusercontent.com/Surfboardv2ray/TGParse/main/python/hysteria2,8
6,https://raw.githubusercontent.com/ripaojiedian/freenode/main/clash,16
7,https://raw.githubusercontent.com/ripaojiedian/freenode/main/sub,16
8,https://raw.githubusercontent.com/shaoyouvip/free/refs/heads/main/all.yaml,50
9,https://raw.githubusercontent.com/zhangkaiitugithub/passcro/main/speednodes.yaml,23

总计,,221
